Yelp Category,LOD Resource name,LOD Resource URL
Accessories,Fashion_accessory,http://dbpedia.org/resource/Fashion_accessory
Accountants,Accountant,http://dbpedia.org/resource/Accountant
Active Life,Active_living,http://dbpedia.org/resource/Active_living
Acupuncture,Acupuncture,http://dbpedia.org/resource/Acupuncture
Adult,Adult,http://dbpedia.org/resource/Adult
African,African_cuisine,http://dbpedia.org/resource/African_cuisine
Airlines,Airline,http://dbpedia.org/resource/Airline
Airport Lounges,Airport_lounge,http://dbpedia.org/resource/Airport_lounge
Airport Shuttles,Airport_bus,http://dbpedia.org/resource/Airport_bus
Airports,Airport,http://dbpedia.org/resource/Airport
Amateur Sports Teams,Amateur_sports,http://dbpedia.org/resource/Amateur_sports
American (New),New_American_cuisine,http://dbpedia.org/resource/New_American_cuisine
American (Traditional),Cuisine_of_the_United_States,http://dbpedia.org/resource/Cuisine_of_the_United_States
Amusement Parks,Amusement_park,http://dbpedia.org/resource/Amusement_park
Animal Shelters,Animal_shelter,http://dbpedia.org/resource/Animal_shelter
Antiques,Antique,http://dbpedia.org/resource/Antique
Apartments,Apartment,http://dbpedia.org/resource/Apartment
Appliances,Home_appliance,http://dbpedia.org/resource/Home_appliance
Appliances & Repair,Home_appliance,http://dbpedia.org/resource/Home_appliance
Appliances & Repair,"Maintenance,_repair,_and_operations","http://dbpedia.org/resource/Maintenance,_repair,_and_operations"
Aquarium Services,Aquarium,http://dbpedia.org/resource/Aquarium
Aquariums,Aquarium,http://dbpedia.org/resource/Aquarium
Arcades,Arcade_game,http://dbpedia.org/resource/Arcade_game
Architects,Architect,http://dbpedia.org/resource/Architect
Art Classes,Art_glass,http://dbpedia.org/resource/Art_glass
Art Galleries,Art_museum,http://dbpedia.org/resource/Art_museum
Art Museums,Art_museum,http://dbpedia.org/resource/Art_museum
Art Supplies,Art,http://dbpedia.org/resource/Art
Art Supplies,Tool,http://dbpedia.org/resource/Tool
Arts & Crafts,Craft,http://dbpedia.org/resource/Craft
Arts & Crafts,The_arts,http://dbpedia.org/resource/The_arts
Arts & Entertainment,Entertainment,http://dbpedia.org/resource/Entertainment
Arts & Entertainment,The_arts,http://dbpedia.org/resource/The_arts
Asian Fusion,Fusion_cuisine,http://dbpedia.org/resource/Fusion_cuisine
ATV Rentals/Tours,Renting,http://dbpedia.org/resource/Renting
Auto Detailing,Auto_detailing,http://dbpedia.org/resource/Auto_detailing
Auto Glass Services,Car_glass,http://dbpedia.org/resource/Car_glass
Auto Parts & Supplies,List_of_auto_parts,http://dbpedia.org/resource/List_of_auto_parts
Auto Repair,Auto_mechanic,http://dbpedia.org/resource/Auto_mechanic
Automotive,Automotive_industry,http://dbpedia.org/resource/Automotive_industry
Baby Gear & Furniture,Baby_furniture,http://dbpedia.org/resource/Baby_furniture
Baby Gear & Furniture,Infant_clothing,http://dbpedia.org/resource/Infant_clothing
Baby Gear & Furniture,Toy,http://dbpedia.org/resource/Toy
Bagels,Bagel,http://dbpedia.org/resource/Bagel
Bakeries,Bakery,http://dbpedia.org/resource/Bakery
Banks & Credit Unions,Credit_union,http://dbpedia.org/resource/Credit_union
Barbeque,Barbecue,http://dbpedia.org/resource/Barbecue
Barbers,Barber,http://dbpedia.org/resource/Barber
Bars,Bar,http://dbpedia.org/resource/Bar
Basque,Basque_cuisine,http://dbpedia.org/resource/Basque_cuisine
Battery Stores,Retail,http://dbpedia.org/resource/Retail
Beauty & Spas,Beauty_salon,http://dbpedia.org/resource/Beauty_salon
Beauty & Spas,Spa,http://dbpedia.org/resource/Spa
Beer Bar,Bar,http://dbpedia.org/resource/Bar
Beer Bar,Beer,http://dbpedia.org/resource/Beer
Beer Gardens,Beer_garden,http://dbpedia.org/resource/Beer_garden
"Beer, Wine & Spirits",Beer,http://dbpedia.org/resource/Beer
"Beer, Wine & Spirits",Distilled_beverage,http://dbpedia.org/resource/Distilled_beverage
"Beer, Wine & Spirits",Wine,http://dbpedia.org/resource/Wine
Belgian,Belgian_cuisine,http://dbpedia.org/resource/Belgian_cuisine
Bikes,Bicycle,http://dbpedia.org/resource/Bicycle
Blow Dry/Out Services,Beauty_salon,http://dbpedia.org/resource/Beauty_salon
Blow Dry/Out Services,Hairdresser,http://dbpedia.org/resource/Hairdresser
Body Shops,Automobile_repair_shop,http://dbpedia.org/resource/Automobile_repair_shop
"Books, Mags, Music & Video",Bookselling,http://dbpedia.org/resource/Bookselling
"Books, Mags, Music & Video",Magazine,http://dbpedia.org/resource/Magazine
"Books, Mags, Music & Video",Video_rental_shop,http://dbpedia.org/resource/Video_rental_shop
Bookstores,Bookselling,http://dbpedia.org/resource/Bookselling
Boot Camps,Training_camp,http://dbpedia.org/resource/Training_camp
Botanical Gardens,Botanical_garden,http://dbpedia.org/resource/Botanical_garden
Bowling,Bowling,http://dbpedia.org/resource/Bowling
Boxing,Boxing,http://dbpedia.org/resource/Boxing
Brasseries,Brasserie,http://dbpedia.org/resource/Brasserie
Brazilian,Brazilian_cuisine,http://dbpedia.org/resource/Brazilian_cuisine
Breakfast & Brunch,Breakfast,http://dbpedia.org/resource/Breakfast
Breakfast & Brunch,Brunch,http://dbpedia.org/resource/Brunch
Breweries,Brewery,http://dbpedia.org/resource/Brewery
Brewing Supplies,Brewing,http://dbpedia.org/resource/Brewing
Brewing Supplies,Vendor,http://dbpedia.org/resource/Vendor
Bridal,Bride,http://dbpedia.org/resource/Bride
British,British_cuisine,http://dbpedia.org/resource/British_cuisine
Bubble Tea,Bubble_tea,http://dbpedia.org/resource/Bubble_tea
Buffets,Buffet,http://dbpedia.org/resource/Buffet
Building Supplies,Building_material,http://dbpedia.org/resource/Building_material
Buses,Bus,http://dbpedia.org/resource/Bus
Business Consulting,Business_consultant,http://dbpedia.org/resource/Business_consultant
Cafes,Coffeehouse,http://dbpedia.org/resource/Coffeehouse
Cajun/Creole,Cajun_cuisine,http://dbpedia.org/resource/Cajun_cuisine
Cajun/Creole,Louisiana_Creole_cuisine,http://dbpedia.org/resource/Louisiana_Creole_cuisine
Campgrounds,Campsite,http://dbpedia.org/resource/Campsite
Canadian (New),Canadian_cuisine,http://dbpedia.org/resource/Canadian_cuisine
Candy Stores,Confectionery_store,http://dbpedia.org/resource/Confectionery_store
Cantonese,Cantonese_cuisine,http://dbpedia.org/resource/Cantonese_cuisine
Car Dealers,Car_dealership,http://dbpedia.org/resource/Car_dealership
Car Rental,Car_rental,http://dbpedia.org/resource/Car_rental
Car Stereo Installation,Vehicle_audio,http://dbpedia.org/resource/Vehicle_audio
Car Wash,Car_wash,http://dbpedia.org/resource/Car_wash
Caribbean,Caribbean_cuisine,http://dbpedia.org/resource/Caribbean_cuisine
Carpet Cleaning,Carpet_cleaning,http://dbpedia.org/resource/Carpet_cleaning
Casinos,Casino,http://dbpedia.org/resource/Casino
Caterers,Catering,http://dbpedia.org/resource/Catering
Champagne Bars,Bar,http://dbpedia.org/resource/Bar
Champagne Bars,Champagne,http://dbpedia.org/resource/Champagne
Cheese Shops,Cheese,http://dbpedia.org/resource/Cheese
Cheese Shops,Shopping,http://dbpedia.org/resource/Shopping
Cheesesteaks,Cheesesteak,http://dbpedia.org/resource/Cheesesteak
Chicken Shop,Fried_chicken_restaurant,http://dbpedia.org/resource/Fried_chicken_restaurant
Chicken Wings,Buffalo_wing,http://dbpedia.org/resource/Buffalo_wing
Child Care & Day Care,Child_care,http://dbpedia.org/resource/Child_care
Child Care & Day Care,Day_care,http://dbpedia.org/resource/Day_care
Chinese,Chinese_cuisine,http://dbpedia.org/resource/Chinese_cuisine
Chiropractors,Chiropractic,http://dbpedia.org/resource/Chiropractic
Chocolatiers & Shops,Chocolaterie,http://dbpedia.org/resource/Chocolaterie
Churches,Christian_Church,http://dbpedia.org/resource/Christian_Church
Cinema,Movie_theater,http://dbpedia.org/resource/Movie_theater
Climbing,Climbing,http://dbpedia.org/resource/Climbing
Cocktail Bars,Bar,http://dbpedia.org/resource/Bar
Coffee & Tea,Coffea,http://dbpedia.org/resource/Coffea
Coffee & Tea,Tea,http://dbpedia.org/resource/Tea
Coffee & Tea Supplies,Coffea,http://dbpedia.org/resource/Coffea
Coffee & Tea Supplies,Tea,http://dbpedia.org/resource/Tea
Coffee Roasteries,Coffea,http://dbpedia.org/resource/Coffea
Colleges & Universities,College,http://dbpedia.org/resource/College
Colleges & Universities,University,http://dbpedia.org/resource/University
Comedy Clubs,Comedy_club,http://dbpedia.org/resource/Comedy_club
Comfort Food,Comfort_food,http://dbpedia.org/resource/Comfort_food
Comic Books,Comic_book,http://dbpedia.org/resource/Comic_book
Commercial Truck Dealers,Truck,http://dbpedia.org/resource/Truck
Commercial Truck Repair,"Maintenance,_repair,_and_operations","http://dbpedia.org/resource/Maintenance,_repair,_and_operations"
Commercial Truck Repair,Truck,http://dbpedia.org/resource/Truck
Community Service/Non-Profit,Community_service,http://dbpedia.org/resource/Community_service
Community Service/Non-Profit,Nonprofit_organization,http://dbpedia.org/resource/Nonprofit_organization
Computers,Computer,http://dbpedia.org/resource/Computer
Contractors,General_contractor,http://dbpedia.org/resource/General_contractor
Convenience Stores,Convenience_store,http://dbpedia.org/resource/Convenience_store
Cosmetic Dentists,Cosmetic_dentistry,http://dbpedia.org/resource/Cosmetic_dentistry
Cosmetics & Beauty Supply,Cosmetics,http://dbpedia.org/resource/Cosmetics
Cosmetology Schools,Cosmetology,http://dbpedia.org/resource/Cosmetology
Cosmetology Schools,School,http://dbpedia.org/resource/School
Costumes,Costume,http://dbpedia.org/resource/Costume
Creperies,Crêpe,http://dbpedia.org/resource/Crêpe
Cuban,Cuban_cuisine,http://dbpedia.org/resource/Cuban_cuisine
Cupcakes,Cupcake,http://dbpedia.org/resource/Cupcake
Damage Restoration,Fabric_restoration,http://dbpedia.org/resource/Fabric_restoration
Dance Clubs,Nightclub,http://dbpedia.org/resource/Nightclub
Dance Schools,Dance,http://dbpedia.org/resource/Dance
Dance Schools,School,http://dbpedia.org/resource/School
Day Spas,Day_spa,http://dbpedia.org/resource/Day_spa
Delicatessen,Delicatessen,http://dbpedia.org/resource/Delicatessen
Delis,Delicatessen,http://dbpedia.org/resource/Delicatessen
Dentists,Dentist,http://dbpedia.org/resource/Dentist
Department Stores,Department_store,http://dbpedia.org/resource/Department_store
Departments of Motor Vehicles,Department_of_Motor_Vehicles,http://dbpedia.org/resource/Department_of_Motor_Vehicles
Dermatologists,Dermatology,http://dbpedia.org/resource/Dermatology
Desserts,Dessert,http://dbpedia.org/resource/Dessert
Diagnostic Imaging,Medical_imaging,http://dbpedia.org/resource/Medical_imaging
Diagnostic Services,Medical_test,http://dbpedia.org/resource/Medical_test
Dim Sum,Dim_sum,http://dbpedia.org/resource/Dim_sum
Diners,Diner,http://dbpedia.org/resource/Diner
Disc Golf,Disc_golf,http://dbpedia.org/resource/Disc_golf
Discount Store,Discount_store,http://dbpedia.org/resource/Discount_store
Distilleries,Distilled_beverage,http://dbpedia.org/resource/Distilled_beverage
Dive Bars,Dive_bar,http://dbpedia.org/resource/Dive_bar
Doctors,Physician,http://dbpedia.org/resource/Physician
Dog Parks,Dog_park,http://dbpedia.org/resource/Dog_park
Do-It-Yourself Food,Do_it_yourself,http://dbpedia.org/resource/Do_it_yourself
Do-It-Yourself Food,Food,http://dbpedia.org/resource/Food
Donuts,Doughnut,http://dbpedia.org/resource/Doughnut
Drive-In Theater,Drive_in_theater,http://dbpedia.org/resource/Drive_in_theater
Drugstores,Drugstore,http://dbpedia.org/resource/Drugstore
Dry Cleaning & Laundry,Dry_cleaning,http://dbpedia.org/resource/Dry_cleaning
Dry Cleaning & Laundry,Laundry,http://dbpedia.org/resource/Laundry
Ear Nose & Throat,Otorhinolaryngology,http://dbpedia.org/resource/Otorhinolaryngology
Education,Education,http://dbpedia.org/resource/Education
Educational Services,Education,http://dbpedia.org/resource/Education
Electronics,Electronics,http://dbpedia.org/resource/Electronics
Electronics Repair,Electronics,http://dbpedia.org/resource/Electronics
Electronics Repair,"Maintenance,_repair,_and_operations","http://dbpedia.org/resource/Maintenance,_repair,_and_operations"
Emergency Rooms,Emergency_department,http://dbpedia.org/resource/Emergency_department
Escape Games,Real_life_room_escape,http://dbpedia.org/resource/Real_life_room_escape
Ethiopian,Ethiopian_cuisine,http://dbpedia.org/resource/Ethiopian_cuisine
Event Planning & Services,Event_management,http://dbpedia.org/resource/Event_management
Eyelash Service,Eyelash_extensions,http://dbpedia.org/resource/Eyelash_extensions
Eyewear & Opticians,Eyewear,http://dbpedia.org/resource/Eyewear
Eyewear & Opticians,Optician,http://dbpedia.org/resource/Optician
Fabric Stores,Retail,http://dbpedia.org/resource/Retail
Fabric Stores,Textile,http://dbpedia.org/resource/Textile
Family Practice,Family_medicine,http://dbpedia.org/resource/Family_medicine
Farms,Farm,http://dbpedia.org/resource/Farm
Fashion,Fashion,http://dbpedia.org/resource/Fashion
Fast Food,Fast_food,http://dbpedia.org/resource/Fast_food
Fences & Gates,Fence,http://dbpedia.org/resource/Fence
Fences & Gates,Gate,http://dbpedia.org/resource/Gate
Festivals,Festival,http://dbpedia.org/resource/Festival
Filipino,Philippine_cuisine,http://dbpedia.org/resource/Philippine_cuisine
Financial Advising,Financial_adviser,http://dbpedia.org/resource/Financial_adviser
Financial Services,Financial_services,http://dbpedia.org/resource/Financial_services
Fish & Chips,Fish_and_chips,http://dbpedia.org/resource/Fish_and_chips
Fitness & Instruction,Fitness_professional,http://dbpedia.org/resource/Fitness_professional
Float Spa,Spa,http://dbpedia.org/resource/Spa
Flooring,Flooring,http://dbpedia.org/resource/Flooring
Florists,Floristry,http://dbpedia.org/resource/Floristry
Flowers & Gifts,Floristry,http://dbpedia.org/resource/Floristry
Fondue,Fondue,http://dbpedia.org/resource/Fondue
Food,Food,http://dbpedia.org/resource/Food
Food Delivery Services,Food,http://dbpedia.org/resource/Food
Food Stands,Food_booth,http://dbpedia.org/resource/Food_booth
Food Tours,Culinary_tourism,http://dbpedia.org/resource/Culinary_tourism
Food Trucks,Food_truck,http://dbpedia.org/resource/Food_truck
French,French_cuisine,http://dbpedia.org/resource/French_cuisine
Fruits & Veggies,Fruit,http://dbpedia.org/resource/Fruit
Fruits & Veggies,Vegetable,http://dbpedia.org/resource/Vegetable
Furniture Reupholstery,Furniture,http://dbpedia.org/resource/Furniture
Furniture Stores,Furniture,http://dbpedia.org/resource/Furniture
Furniture Stores,Retail,http://dbpedia.org/resource/Retail
Gas & Service Stations,Filling_station,http://dbpedia.org/resource/Filling_station
Gastropubs,Gastropub,http://dbpedia.org/resource/Gastropub
Gelato,Gelato,http://dbpedia.org/resource/Gelato
General Dentistry,Dentistry,http://dbpedia.org/resource/Dentistry
German,German_cuisine,http://dbpedia.org/resource/German_cuisine
Gift Shops,Gift_shop,http://dbpedia.org/resource/Gift_shop
Gluten-Free,Gluten_free_diet,http://dbpedia.org/resource/Gluten_free_diet
Gold Buyers,Jewellery,http://dbpedia.org/resource/Jewellery
Golf,Golf,http://dbpedia.org/resource/Golf
Graphic Design,Graphic_design,http://dbpedia.org/resource/Graphic_design
Greek,Greek_cuisine,http://dbpedia.org/resource/Greek_cuisine
Grocery,Grocery_store,http://dbpedia.org/resource/Grocery_store
Guitar Stores,Guitar,http://dbpedia.org/resource/Guitar
Guitar Stores,Retail,http://dbpedia.org/resource/Retail
Gun/Rifle Ranges,Shooting_range,http://dbpedia.org/resource/Shooting_range
Guns & Ammo,Ammunition,http://dbpedia.org/resource/Ammunition
Guns & Ammo,Gun,http://dbpedia.org/resource/Gun
Gyms,Gym,http://dbpedia.org/resource/Gym
Hair Extensions,Artificial_hair_integrations,http://dbpedia.org/resource/Artificial_hair_integrations
Hair Removal,Hair_removal,http://dbpedia.org/resource/Hair_removal
Hair Salons,Beauty_salon,http://dbpedia.org/resource/Beauty_salon
Hair Salons,Hairdresser,http://dbpedia.org/resource/Hairdresser
Hair Stylists,Hairdresser,http://dbpedia.org/resource/Hairdresser
Halal,Halal,http://dbpedia.org/resource/Halal
Hardware Stores,Hardware_store,http://dbpedia.org/resource/Hardware_store
Hawaiian,Cuisine_of_Hawaii,http://dbpedia.org/resource/Cuisine_of_Hawaii
Health & Medical,Health_facility,http://dbpedia.org/resource/Health_facility
Health Markets,Health_food_store,http://dbpedia.org/resource/Health_food_store
Health Retreats,Wellness_tourism,http://dbpedia.org/resource/Wellness_tourism
Heating & Air Conditioning/HVAC,HVAC,http://dbpedia.org/resource/HVAC
Herbs & Spices,Herb,http://dbpedia.org/resource/Herb
Herbs & Spices,Spice,http://dbpedia.org/resource/Spice
Hiking,Hiking,http://dbpedia.org/resource/Hiking
Hobby Shops,Hobby_shop,http://dbpedia.org/resource/Hobby_shop
Home & Garden,Back_garden,http://dbpedia.org/resource/Back_garden
Home Cleaning,Housekeeping,http://dbpedia.org/resource/Housekeeping
Home Decor,Home_accessories,http://dbpedia.org/resource/Home_accessories
Home Services,Home_improvement,http://dbpedia.org/resource/Home_improvement
Hookah Bars,Hookah_lounge,http://dbpedia.org/resource/Hookah_lounge
Hospitals,Hospital,http://dbpedia.org/resource/Hospital
Hot Dogs,Hot_dog,http://dbpedia.org/resource/Hot_dog
Hot Pot,Hot_pot,http://dbpedia.org/resource/Hot_pot
Hot Tub & Pool,Swimming_pool,http://dbpedia.org/resource/Swimming_pool
Hotel bar,Bar,http://dbpedia.org/resource/Bar
Hotel bar,Hotel,http://dbpedia.org/resource/Hotel
Hotels,Hotel,http://dbpedia.org/resource/Hotel
Hotels & Travel,Hotel,http://dbpedia.org/resource/Hotel
Hotels & Travel,Travel,http://dbpedia.org/resource/Travel
Ice Cream & Frozen Yogurt,Frozen_yogurt,http://dbpedia.org/resource/Frozen_yogurt
Ice Cream & Frozen Yogurt,Ice_cream,http://dbpedia.org/resource/Ice_cream
Indian,Indian_cuisine,http://dbpedia.org/resource/Indian_cuisine
Internet Cafes,Internet_café,http://dbpedia.org/resource/Internet_café
Internet Service Providers,Internet_service_provider,http://dbpedia.org/resource/Internet_service_provider
Irish,Irish_cuisine,http://dbpedia.org/resource/Irish_cuisine
Irish Pub,Irish_pub,http://dbpedia.org/resource/Irish_pub
IT Services & Computer Repair,Computer_repair_technician,http://dbpedia.org/resource/Computer_repair_technician
Italian,Italian_cuisine,http://dbpedia.org/resource/Italian_cuisine
Japanese,Japanese_cuisine,http://dbpedia.org/resource/Japanese_cuisine
Jazz & Blues,Blues,http://dbpedia.org/resource/Blues
Jazz & Blues,Jazz,http://dbpedia.org/resource/Jazz
Jewelry,Jewellery,http://dbpedia.org/resource/Jewellery
Jewelry Repair,Bench_jeweler,http://dbpedia.org/resource/Bench_jeweler
Juice Bars & Smoothies,Juice,http://dbpedia.org/resource/Juice
Juice Bars & Smoothies,Smoothie,http://dbpedia.org/resource/Smoothie
Karaoke,Karaoke,http://dbpedia.org/resource/Karaoke
Keys & Locksmiths,Key_(lock),http://dbpedia.org/resource/Key_(lock)
Keys & Locksmiths,Lock_(security_device),http://dbpedia.org/resource/Lock_(security_device)
Kids Activities,After_school_activity,http://dbpedia.org/resource/After_school_activity
Kids Activities,Play_(activity),http://dbpedia.org/resource/Play_(activity)
Kitchen & Bath,Bathroom,http://dbpedia.org/resource/Bathroom
Kitchen & Bath,Kitchen,http://dbpedia.org/resource/Kitchen
Knitting Supplies,Knitting,http://dbpedia.org/resource/Knitting
Korean,Korean_cuisine,http://dbpedia.org/resource/Korean_cuisine
Lakes,Lake,http://dbpedia.org/resource/Lake
Landmarks & Historical Buildings,Landmark,http://dbpedia.org/resource/Landmark
Landmarks & Historical Buildings,Monument,http://dbpedia.org/resource/Monument
Landscape Architects,Landscape_architecture,http://dbpedia.org/resource/Landscape_architecture
Landscaping,Landscaping,http://dbpedia.org/resource/Landscaping
Laser Eye Surgery/Lasik,LASIK,http://dbpedia.org/resource/LASIK
Laser Hair Removal,Laser_hair_removal,http://dbpedia.org/resource/Laser_hair_removal
Laser Tag,Laser_tag,http://dbpedia.org/resource/Laser_tag
Latin American,Latin_American_cuisine,http://dbpedia.org/resource/Latin_American_cuisine
Lawyers,Lawyer,http://dbpedia.org/resource/Lawyer
Leather Goods,Leather,http://dbpedia.org/resource/Leather
Lebanese,Lebanese_cuisine,http://dbpedia.org/resource/Lebanese_cuisine
Libraries,Library,http://dbpedia.org/resource/Library
Limos,Limousine,http://dbpedia.org/resource/Limousine
Lingerie,Lingerie,http://dbpedia.org/resource/Lingerie
Live/Raw Food,Raw_foodism,http://dbpedia.org/resource/Raw_foodism
Local Fish Stores,Fish_market,http://dbpedia.org/resource/Fish_market
Lounges,Bar,http://dbpedia.org/resource/Bar
Macarons,Macaron,http://dbpedia.org/resource/Macaron
Magicians,Magic_(illusion),http://dbpedia.org/resource/Magic_(illusion)
Mailbox Centers,Mail_services_center,http://dbpedia.org/resource/Mail_services_center
Makeup Artists,Make_up_artist,http://dbpedia.org/resource/Make_up_artist
Malaysian,Malaysian_cuisine,http://dbpedia.org/resource/Malaysian_cuisine
Martial Arts,Martial_arts,http://dbpedia.org/resource/Martial_arts
Mass Media,Mass_media,http://dbpedia.org/resource/Mass_media
Massage,Massage,http://dbpedia.org/resource/Massage
Massage Schools,Massage,http://dbpedia.org/resource/Massage
Massage Schools,School,http://dbpedia.org/resource/School
Massage Therapy,Massage,http://dbpedia.org/resource/Massage
Massage Therapy,Therapy,http://dbpedia.org/resource/Therapy
Maternity Wear,Maternity_clothing,http://dbpedia.org/resource/Maternity_clothing
Mattresses,Mattress,http://dbpedia.org/resource/Mattress
Meat Shops,Meat_market,http://dbpedia.org/resource/Meat_market
Medical Centers,Academic_health_science_centre,http://dbpedia.org/resource/Academic_health_science_centre
Medical Centers,Clinic,http://dbpedia.org/resource/Clinic
Medical Centers,Hospital,http://dbpedia.org/resource/Hospital
Medical Spas,Medicine,http://dbpedia.org/resource/Medicine
Medical Spas,Spa,http://dbpedia.org/resource/Spa
Mediterranean,Mediterranean_cuisine,http://dbpedia.org/resource/Mediterranean_cuisine
"Men""s Clothing",Clothing,http://dbpedia.org/resource/Clothing
"Men""s Clothing",Man,http://dbpedia.org/resource/Man
"Men""s Hair Salons",Hairdresser,http://dbpedia.org/resource/Hairdresser
"Men""s Hair Salons",Man,http://dbpedia.org/resource/Man
Mexican,Mexican_cuisine,http://dbpedia.org/resource/Mexican_cuisine
Middle Eastern,Middle_Eastern_cuisine,http://dbpedia.org/resource/Middle_Eastern_cuisine
Mini Golf,Miniature_golf,http://dbpedia.org/resource/Miniature_golf
Mobile Phone Repair,"Maintenance,_repair,_and_operations","http://dbpedia.org/resource/Maintenance,_repair,_and_operations"
Mobile Phone Repair,Mobile_phone,http://dbpedia.org/resource/Mobile_phone
Mobile Phones,Mobile_phone,http://dbpedia.org/resource/Mobile_phone
Modern European,European_cuisine,http://dbpedia.org/resource/European_cuisine
Mongolian,Mongolian_cuisine,http://dbpedia.org/resource/Mongolian_cuisine
Moroccan,Moroccan_cuisine,http://dbpedia.org/resource/Moroccan_cuisine
Mortgage Brokers,Mortgage_broker,http://dbpedia.org/resource/Mortgage_broker
Motorcycle Rental,Renting,http://dbpedia.org/resource/Renting
Motorcycle Repair,"Maintenance,_repair,_and_operations","http://dbpedia.org/resource/Maintenance,_repair,_and_operations"
Movers,Moving_company,http://dbpedia.org/resource/Moving_company
Museums,Museum,http://dbpedia.org/resource/Museum
Music & DVDs,DVD,http://dbpedia.org/resource/DVD
Music & DVDs,Music,http://dbpedia.org/resource/Music
Music Venues,Music_venue,http://dbpedia.org/resource/Music_venue
Musical Instrument Services,Musical_instrument,http://dbpedia.org/resource/Musical_instrument
Musical Instruments & Teachers,Music_education,http://dbpedia.org/resource/Music_education
Musical Instruments & Teachers,Musical_instrument,http://dbpedia.org/resource/Musical_instrument
Musicians,Musician,http://dbpedia.org/resource/Musician
Nail Salons,Nail_salon,http://dbpedia.org/resource/Nail_salon
Nanny Services,Nanny,http://dbpedia.org/resource/Nanny
Naturopathic/Holistic,Naturopathy,http://dbpedia.org/resource/Naturopathy
New Mexican Cuisine,New_Mexican_cuisine,http://dbpedia.org/resource/New_Mexican_cuisine
Newspapers & Magazines,Magazine,http://dbpedia.org/resource/Magazine
Newspapers & Magazines,Newspaper,http://dbpedia.org/resource/Newspaper
Nightlife,Nightlife,http://dbpedia.org/resource/Nightlife
Noodles,Noodle,http://dbpedia.org/resource/Noodle
Notaries,Notary_public,http://dbpedia.org/resource/Notary_public
Nurseries & Gardening,Plant_nursery,http://dbpedia.org/resource/Plant_nursery
Nutritionists,Nutritionist,http://dbpedia.org/resource/Nutritionist
Obstetricians & Gynecologists,Obstetrics_and_gynaecology,http://dbpedia.org/resource/Obstetrics_and_gynaecology
Office Equipment,Office_supplies,http://dbpedia.org/resource/Office_supplies
Oil Change Stations,Motor_oil,http://dbpedia.org/resource/Motor_oil
Ophthalmologists,Ophthalmology,http://dbpedia.org/resource/Ophthalmology
Optometrists,Optometry,http://dbpedia.org/resource/Optometry
Oral Surgeons,Oral_and_maxillofacial_surgery,http://dbpedia.org/resource/Oral_and_maxillofacial_surgery
Organic Stores,Organic_food,http://dbpedia.org/resource/Organic_food
Orthodontists,Orthodontics,http://dbpedia.org/resource/Orthodontics
Orthopedists,Orthopedic_surgery,http://dbpedia.org/resource/Orthopedic_surgery
Outlet Stores,Outlet_store,http://dbpedia.org/resource/Outlet_store
Paint Stores,Retail,http://dbpedia.org/resource/Retail
Paintball,Paintball,http://dbpedia.org/resource/Paintball
Pakistani,Pakistani_cuisine,http://dbpedia.org/resource/Pakistani_cuisine
Parks,Park,http://dbpedia.org/resource/Park
Party & Event Planning,Event_management,http://dbpedia.org/resource/Event_management
Party & Event Planning,Party,http://dbpedia.org/resource/Party
Party Equipment Rentals,Party,http://dbpedia.org/resource/Party
Pawn Shops,Pawnbroker,http://dbpedia.org/resource/Pawnbroker
Pediatric Dentists,Pediatric_dentistry,http://dbpedia.org/resource/Pediatric_dentistry
Pediatricians,Pediatrics,http://dbpedia.org/resource/Pediatrics
Performing Arts,Performing_arts,http://dbpedia.org/resource/Performing_arts
Persian/Iranian,Iranian_cuisine,http://dbpedia.org/resource/Iranian_cuisine
Peruvian,Peruvian_cuisine,http://dbpedia.org/resource/Peruvian_cuisine
Pest Control,Pest_control,http://dbpedia.org/resource/Pest_control
Pet Adoption,Pet_adoption,http://dbpedia.org/resource/Pet_adoption
Pet Boarding/Pet Sitting,Pet_sitting,http://dbpedia.org/resource/Pet_sitting
Pet Groomers,Dog_grooming,http://dbpedia.org/resource/Dog_grooming
Pet Services,Pet,http://dbpedia.org/resource/Pet
Pet Stores,Pet_store,http://dbpedia.org/resource/Pet_store
Pet Training,Animal_training,http://dbpedia.org/resource/Animal_training
Pets,Pet,http://dbpedia.org/resource/Pet
Photography Stores & Services,Photography,http://dbpedia.org/resource/Photography
Photography Stores & Services,Retail,http://dbpedia.org/resource/Retail
Physical Therapy,Physical_therapy,http://dbpedia.org/resource/Physical_therapy
Piano Bars,Piano_bar,http://dbpedia.org/resource/Piano_bar
Pick Your Own Farms,U_Pick_and_Pick_Your_Own_(PYO)_Farms,http://dbpedia.org/resource/U_Pick_and_Pick_Your_Own_(PYO)_Farms
Piercing,Body_piercing,http://dbpedia.org/resource/Body_piercing
Pilates,Pilates,http://dbpedia.org/resource/Pilates
Pizza,Pizza,http://dbpedia.org/resource/Pizza
Playgrounds,Playground,http://dbpedia.org/resource/Playground
Plumbing,Plumbing,http://dbpedia.org/resource/Plumbing
Poke,Poke_(fish_salad),http://dbpedia.org/resource/Poke_(fish_salad)
Polish,Polish_cuisine,http://dbpedia.org/resource/Polish_cuisine
Pool & Hot Tub Service,Swimming_pool,http://dbpedia.org/resource/Swimming_pool
Popcorn Shops,Popcorn,http://dbpedia.org/resource/Popcorn
Portuguese,Portuguese_cuisine,http://dbpedia.org/resource/Portuguese_cuisine
Post Offices,Post_office,http://dbpedia.org/resource/Post_office
Poutineries,Poutine,http://dbpedia.org/resource/Poutine
Preschools,Preschool,http://dbpedia.org/resource/Preschool
Pretzels,Pretzel,http://dbpedia.org/resource/Pretzel
Print Media,Printing,http://dbpedia.org/resource/Printing
Printing Services,Printing,http://dbpedia.org/resource/Printing
Professional Services,Professional_services,http://dbpedia.org/resource/Professional_services
Professional Sports Teams,Professional_sports,http://dbpedia.org/resource/Professional_sports
Professional Sports Teams,Team_sport,http://dbpedia.org/resource/Team_sport
Property Management,Property_manager,http://dbpedia.org/resource/Property_manager
Public Services & Government,Government,http://dbpedia.org/resource/Government
Public Services & Government,Public_service,http://dbpedia.org/resource/Public_service
Public Transportation,Public_transport,http://dbpedia.org/resource/Public_transport
Pubs,Pub,http://dbpedia.org/resource/Pub
Ramen,Ramen,http://dbpedia.org/resource/Ramen
Real Estate,Real_estate,http://dbpedia.org/resource/Real_estate
Real Estate Services,Real_estate,http://dbpedia.org/resource/Real_estate
Recreation Centers,Recreation,http://dbpedia.org/resource/Recreation
Reflexology,Reflexology,http://dbpedia.org/resource/Reflexology
Reiki,Reiki,http://dbpedia.org/resource/Reiki
Religious Organizations,Religious_organization,http://dbpedia.org/resource/Religious_organization
Resorts,Resort,http://dbpedia.org/resource/Resort
Restaurants,Restaurant,http://dbpedia.org/resource/Restaurant
Rock Climbing,Rock_climbing,http://dbpedia.org/resource/Rock_climbing
Roofing,Roofer,http://dbpedia.org/resource/Roofer
Russian,Russian_cuisine,http://dbpedia.org/resource/Russian_cuisine
RV Parks,RV_park,http://dbpedia.org/resource/RV_park
RV Repair,"Maintenance,_repair,_and_operations","http://dbpedia.org/resource/Maintenance,_repair,_and_operations"
Salad,Salad,http://dbpedia.org/resource/Salad
Sandwiches,Sandwich,http://dbpedia.org/resource/Sandwich
Saunas,Sauna,http://dbpedia.org/resource/Sauna
Scandinavian,Cuisine,http://dbpedia.org/resource/Cuisine
Seafood,Seafood,http://dbpedia.org/resource/Seafood
Seafood Markets,Fish_market,http://dbpedia.org/resource/Fish_market
Security Systems,Home_security,http://dbpedia.org/resource/Home_security
Self Storage,Self_storage,http://dbpedia.org/resource/Self_storage
Shared Office Spaces,Coworking,http://dbpedia.org/resource/Coworking
Shaved Ice,Shave_ice,http://dbpedia.org/resource/Shave_ice
Shipping Centers,Distribution_center,http://dbpedia.org/resource/Distribution_center
Shoe Repair,"Maintenance,_repair,_and_operations","http://dbpedia.org/resource/Maintenance,_repair,_and_operations"
Shoe Repair,Shoe,http://dbpedia.org/resource/Shoe
Shoe Stores,Shoe_store,http://dbpedia.org/resource/Shoe_store
Shopping,Shopping,http://dbpedia.org/resource/Shopping
Shopping Centers,Shopping_mall,http://dbpedia.org/resource/Shopping_mall
Skating Rinks,Ice_rink,http://dbpedia.org/resource/Ice_rink
Skin Care,Skin_care,http://dbpedia.org/resource/Skin_care
Skydiving,Parachuting,http://dbpedia.org/resource/Parachuting
Smog Check Stations,Vehicle_emissions_control,http://dbpedia.org/resource/Vehicle_emissions_control
Soccer,Association_football,http://dbpedia.org/resource/Association_football
Soul Food,Soul_food,http://dbpedia.org/resource/Soul_food
Soup,Soup,http://dbpedia.org/resource/Soup
Southern,Cuisine_of_the_Southern_United_States,http://dbpedia.org/resource/Cuisine_of_the_Southern_United_States
Souvenir Shops,Gift_shop,http://dbpedia.org/resource/Gift_shop
Spanish,Spanish_cuisine,http://dbpedia.org/resource/Spanish_cuisine
Specialty Food,Specialty_foods,http://dbpedia.org/resource/Specialty_foods
Specialty Schools,Magnet_school,http://dbpedia.org/resource/Magnet_school
Sporting Goods,Sports_equipment,http://dbpedia.org/resource/Sports_equipment
Sports Bars,Bar,http://dbpedia.org/resource/Bar
Sports Bars,Sport,http://dbpedia.org/resource/Sport
Sports Clubs,Sports_club,http://dbpedia.org/resource/Sports_club
Sports Medicine,Sports_medicine,http://dbpedia.org/resource/Sports_medicine
Sports Wear,Sportswear_(activewear),http://dbpedia.org/resource/Sportswear_(activewear)
Spray Tanning,Sunless_tanning,http://dbpedia.org/resource/Sunless_tanning
Stadiums & Arenas,Arena,http://dbpedia.org/resource/Arena
Stadiums & Arenas,Stadium,http://dbpedia.org/resource/Stadium
Steakhouses,Steakhouse,http://dbpedia.org/resource/Steakhouse
Street Vendors,Street_food,http://dbpedia.org/resource/Street_food
Summer Camps,Summer_camp,http://dbpedia.org/resource/Summer_camp
Sushi Bars,Bar,http://dbpedia.org/resource/Bar
Sushi Bars,Sushi,http://dbpedia.org/resource/Sushi
Swimming Lessons/Schools,Swimming_lessons,http://dbpedia.org/resource/Swimming_lessons
Swimming Pools,Swimming_pool,http://dbpedia.org/resource/Swimming_pool
Szechuan,Sichuan_cuisine,http://dbpedia.org/resource/Sichuan_cuisine
Taiwanese,Taiwanese_cuisine,http://dbpedia.org/resource/Taiwanese_cuisine
Tanning,Sunless_tanning,http://dbpedia.org/resource/Sunless_tanning
Tapas Bars,Bar,http://dbpedia.org/resource/Bar
Tapas Bars,Tapas,http://dbpedia.org/resource/Tapas
Tapas/Small Plates,Small_plates,http://dbpedia.org/resource/Small_plates
Tapas/Small Plates,Tapas,http://dbpedia.org/resource/Tapas
Tattoo,Tattoo,http://dbpedia.org/resource/Tattoo
Tax Services,Tax_preparation,http://dbpedia.org/resource/Tax_preparation
Taxis,Taxicab,http://dbpedia.org/resource/Taxicab
Tea Rooms,Tea_house,http://dbpedia.org/resource/Tea_house
Teeth Whitening,Tooth_whitening,http://dbpedia.org/resource/Tooth_whitening
Television Service Providers,Cable_television,http://dbpedia.org/resource/Cable_television
Teppanyaki,Teppanyaki,http://dbpedia.org/resource/Teppanyaki
Tex-Mex,Tex_Mex,http://dbpedia.org/resource/Tex_Mex
Thai,Thai_cuisine,http://dbpedia.org/resource/Thai_cuisine
Threading Services,Threading_(epilation),http://dbpedia.org/resource/Threading_(epilation)
Thrift Stores,Charity_shop,http://dbpedia.org/resource/Charity_shop
Ticket Sales,Ticket_resale,http://dbpedia.org/resource/Ticket_resale
Tires,Tire,http://dbpedia.org/resource/Tire
Tobacco Shops,Tobacconist,http://dbpedia.org/resource/Tobacconist
Tours,Tour_operator,http://dbpedia.org/resource/Tour_operator
Towing,Towing,http://dbpedia.org/resource/Towing
Toy Stores,Toy_store,http://dbpedia.org/resource/Toy_store
Train Stations,Train_station,http://dbpedia.org/resource/Train_station
Trainers,Personal_trainer,http://dbpedia.org/resource/Personal_trainer
Trains,Train,http://dbpedia.org/resource/Train
Transmission Repair,"Maintenance,_repair,_and_operations","http://dbpedia.org/resource/Maintenance,_repair,_and_operations"
Transmission Repair,Transmission_(mechanics),http://dbpedia.org/resource/Transmission_(mechanics)
Transportation,Transport,http://dbpedia.org/resource/Transport
Travel Services,Travel,http://dbpedia.org/resource/Travel
Tree Services,Arborist,http://dbpedia.org/resource/Arborist
Truck Rental,Renting,http://dbpedia.org/resource/Renting
Truck Rental,Truck,http://dbpedia.org/resource/Truck
Tuscan,Cuisine,http://dbpedia.org/resource/Cuisine
Tuscan,Tuscany,http://dbpedia.org/resource/Tuscany
Urgent Care,Urgent_care,http://dbpedia.org/resource/Urgent_care
"Used, Vintage & Consignment",Consignment,http://dbpedia.org/resource/Consignment
"Used, Vintage & Consignment",Used_good,http://dbpedia.org/resource/Used_good
"Used, Vintage & Consignment",Vintage_clothing,http://dbpedia.org/resource/Vintage_clothing
Vacation Rentals,Vacation_rental,http://dbpedia.org/resource/Vacation_rental
Vegan,Veganism,http://dbpedia.org/resource/Veganism
Vegetarian,Vegetarianism,http://dbpedia.org/resource/Vegetarianism
Venezuelan,Venezuelan_cuisine,http://dbpedia.org/resource/Venezuelan_cuisine
Venues & Event Spaces,Event_management,http://dbpedia.org/resource/Event_management
Veterinarians,Veterinary_physician,http://dbpedia.org/resource/Veterinary_physician
Videos & Video Game Rental,Video_rental_shop,http://dbpedia.org/resource/Video_rental_shop
Vietnamese,Vietnamese_cuisine,http://dbpedia.org/resource/Vietnamese_cuisine
Vinyl Records,Gramophone_record,http://dbpedia.org/resource/Gramophone_record
Waffles,Waffle,http://dbpedia.org/resource/Waffle
Watch Repair,Watchmaker,http://dbpedia.org/resource/Watchmaker
Watches,Watch,http://dbpedia.org/resource/Watch
Water Heater Installation/Repair,"Maintenance,_repair,_and_operations","http://dbpedia.org/resource/Maintenance,_repair,_and_operations"
Waxing,Waxing,http://dbpedia.org/resource/Waxing
Web Design,Web_design,http://dbpedia.org/resource/Web_design
Wedding Chapels,Wedding_chapel,http://dbpedia.org/resource/Wedding_chapel
Wedding Planning,Wedding_planner,http://dbpedia.org/resource/Wedding_planner
Weight Loss Centers,Weight_loss,http://dbpedia.org/resource/Weight_loss
Wheel & Rim Repair,"Maintenance,_repair,_and_operations","http://dbpedia.org/resource/Maintenance,_repair,_and_operations"
Wheel & Rim Repair,Rim_(wheel),http://dbpedia.org/resource/Rim_(wheel)
Wheel & Rim Repair,Wheel,http://dbpedia.org/resource/Wheel
Whiskey Bars,Bar,http://dbpedia.org/resource/Bar
Whiskey Bars,Whisky,http://dbpedia.org/resource/Whisky
Wholesale Stores,Wholesale,http://dbpedia.org/resource/Wholesale
Wigs,Wig,http://dbpedia.org/resource/Wig
Window Washing,Window_cleaner,http://dbpedia.org/resource/Window_cleaner
Windshield Installation & Repair,"Maintenance,_repair,_and_operations","http://dbpedia.org/resource/Maintenance,_repair,_and_operations"
Windshield Installation & Repair,Windshield,http://dbpedia.org/resource/Windshield
Wine Bars,Wine_bar,http://dbpedia.org/resource/Wine_bar
Wineries,Winery,http://dbpedia.org/resource/Winery
"Women""s Clothing",Clothing,http://dbpedia.org/resource/Clothing
"Women""s Clothing",Woman,http://dbpedia.org/resource/Woman
Yoga,Yoga,http://dbpedia.org/resource/Yoga
Zoos,Zoo,http://dbpedia.org/resource/Zoo
