Yelp Category,LOD Resource
Accessories,http://dbpedia.org/resource/Fashion_accessory
Accountants,http://dbpedia.org/resource/Accountant
Active Life,http://dbpedia.org/resource/Active_living
Acupuncture,http://dbpedia.org/resource/Acupuncture
Adult,http://dbpedia.org/resource/Adult
African,http://dbpedia.org/resource/African_cuisine
Airlines,http://dbpedia.org/resource/Airline
Airport Lounges,http://dbpedia.org/resource/Airport_lounge
Airport Shuttles,http://dbpedia.org/resource/Airport_bus
Airports,http://dbpedia.org/resource/Airport
Amateur Sports Teams,http://dbpedia.org/resource/Amateur_sports
American (New),http://dbpedia.org/resource/New_American_cuisine
American (Traditional),http://dbpedia.org/resource/Cuisine_of_the_United_States
Amusement Parks,http://dbpedia.org/resource/Amusement_park
Animal Shelters,http://dbpedia.org/resource/Animal_shelter
Antiques,http://dbpedia.org/resource/Antique
Apartments,http://dbpedia.org/resource/Apartment
Appliances,http://dbpedia.org/resource/Home_appliance
Appliances & Repair,http://dbpedia.org/resource/Home_appliance
Appliances & Repair,"http://dbpedia.org/resource/Maintenance,_repair,_and_operations"
Aquarium Services,http://dbpedia.org/resource/Aquarium
Aquariums,http://dbpedia.org/resource/Aquarium
Arcades,http://dbpedia.org/resource/Arcade_game
Architects,http://dbpedia.org/resource/Architect
Art Classes,http://dbpedia.org/resource/Art_glass
Art Galleries,http://dbpedia.org/resource/Art_museum
Art Museums,http://dbpedia.org/resource/Art_museum
Art Supplies,http://dbpedia.org/resource/Art
Art Supplies,http://dbpedia.org/resource/Tool
Arts & Crafts,http://dbpedia.org/resource/Craft
Arts & Crafts,http://dbpedia.org/resource/The_arts
Arts & Entertainment,http://dbpedia.org/resource/Entertainment
Arts & Entertainment,http://dbpedia.org/resource/The_arts
Asian Fusion,http://dbpedia.org/resource/Fusion_cuisine
ATV Rentals/Tours,http://dbpedia.org/resource/Renting
Auto Detailing,http://dbpedia.org/resource/Auto_detailing
Auto Glass Services,http://dbpedia.org/resource/Car_glass
Auto Parts & Supplies,http://dbpedia.org/resource/List_of_auto_parts
Auto Repair,http://dbpedia.org/resource/Auto_mechanic
Automotive,http://dbpedia.org/resource/Automotive_industry
Baby Gear & Furniture,http://dbpedia.org/resource/Baby_furniture
Baby Gear & Furniture,http://dbpedia.org/resource/Infant_clothing
Baby Gear & Furniture,http://dbpedia.org/resource/Toy
Bagels,http://dbpedia.org/resource/Bagel
Bakeries,http://dbpedia.org/resource/Bakery
Banks & Credit Unions,http://dbpedia.org/resource/Credit_union
Barbeque,http://dbpedia.org/resource/Barbecue
Barbers,http://dbpedia.org/resource/Barber
Bars,http://dbpedia.org/resource/Bar
Basque,http://dbpedia.org/resource/Basque_cuisine
Battery Stores,http://dbpedia.org/resource/Retail
Beauty & Spas,http://dbpedia.org/resource/Beauty_salon
Beauty & Spas,http://dbpedia.org/resource/Spa
Beer Bar,http://dbpedia.org/resource/Bar
Beer Bar,http://dbpedia.org/resource/Beer
Beer Gardens,http://dbpedia.org/resource/Beer_garden
"Beer, Wine & Spirits",http://dbpedia.org/resource/Beer
"Beer, Wine & Spirits",http://dbpedia.org/resource/Distilled_beverage
"Beer, Wine & Spirits",http://dbpedia.org/resource/Wine
Belgian,http://dbpedia.org/resource/Belgian_cuisine
Bikes,http://dbpedia.org/resource/Bicycle
Blow Dry/Out Services,http://dbpedia.org/resource/Beauty_salon
Blow Dry/Out Services,http://dbpedia.org/resource/Hairdresser
Body Shops,http://dbpedia.org/resource/Automobile_repair_shop
"Books, Mags, Music & Video",http://dbpedia.org/resource/Bookselling
"Books, Mags, Music & Video",http://dbpedia.org/resource/Magazine
"Books, Mags, Music & Video",http://dbpedia.org/resource/Video_rental_shop
Bookstores,http://dbpedia.org/resource/Bookselling
Boot Camps,http://dbpedia.org/resource/Training_camp
Botanical Gardens,http://dbpedia.org/resource/Botanical_garden
Bowling,http://dbpedia.org/resource/Bowling
Boxing,http://dbpedia.org/resource/Boxing
Brasseries,http://dbpedia.org/resource/Brasserie
Brazilian,http://dbpedia.org/resource/Brazilian_cuisine
Breakfast & Brunch,http://dbpedia.org/resource/Breakfast
Breakfast & Brunch,http://dbpedia.org/resource/Brunch
Breweries,http://dbpedia.org/resource/Brewery
Brewing Supplies,http://dbpedia.org/resource/Brewing
Brewing Supplies,http://dbpedia.org/resource/Vendor
Bridal,http://dbpedia.org/resource/Bride
British,http://dbpedia.org/resource/British_cuisine
Bubble Tea,http://dbpedia.org/resource/Bubble_tea
Buffets,http://dbpedia.org/resource/Buffet
Building Supplies,http://dbpedia.org/resource/Building_material
Buses,http://dbpedia.org/resource/Bus
Business Consulting,http://dbpedia.org/resource/Business_consultant
Cafes,http://dbpedia.org/resource/Coffeehouse
Cajun/Creole,http://dbpedia.org/resource/Cajun_cuisine
Cajun/Creole,http://dbpedia.org/resource/Louisiana_Creole_cuisine
Campgrounds,http://dbpedia.org/resource/Campsite
Canadian (New),http://dbpedia.org/resource/Canadian_cuisine
Candy Stores,http://dbpedia.org/resource/Confectionery_store
Cantonese,http://dbpedia.org/resource/Cantonese_cuisine
Car Dealers,http://dbpedia.org/resource/Car_dealership
Car Rental,http://dbpedia.org/resource/Car_rental
Car Stereo Installation,http://dbpedia.org/resource/Vehicle_audio
Car Wash,http://dbpedia.org/resource/Car_wash
Caribbean,http://dbpedia.org/resource/Caribbean_cuisine
Carpet Cleaning,http://dbpedia.org/resource/Carpet_cleaning
Casinos,http://dbpedia.org/resource/Casino
Caterers,http://dbpedia.org/resource/Catering
Champagne Bars,http://dbpedia.org/resource/Bar
Champagne Bars,http://dbpedia.org/resource/Champagne
Cheese Shops,http://dbpedia.org/resource/Cheese
Cheese Shops,http://dbpedia.org/resource/Shopping
Cheesesteaks,http://dbpedia.org/resource/Cheesesteak
Chicken Shop,http://dbpedia.org/resource/Fried_chicken_restaurant
Chicken Wings,http://dbpedia.org/resource/Buffalo_wing
Child Care & Day Care,http://dbpedia.org/resource/Child_care
Child Care & Day Care,http://dbpedia.org/resource/Day_care
Chinese,http://dbpedia.org/resource/Chinese_cuisine
Chiropractors,http://dbpedia.org/resource/Chiropractic
Chocolatiers & Shops,http://dbpedia.org/resource/Chocolaterie
Churches,http://dbpedia.org/resource/Christian_Church
Cinema,http://dbpedia.org/resource/Movie_theater
Climbing,http://dbpedia.org/resource/Climbing
Cocktail Bars,http://dbpedia.org/resource/Bar
Coffee & Tea,http://dbpedia.org/resource/Coffea
Coffee & Tea,http://dbpedia.org/resource/Tea
Coffee & Tea Supplies,http://dbpedia.org/resource/Coffea
Coffee & Tea Supplies,http://dbpedia.org/resource/Tea
Coffee Roasteries,http://dbpedia.org/resource/Coffea
Colleges & Universities,http://dbpedia.org/resource/College
Colleges & Universities,http://dbpedia.org/resource/University
Comedy Clubs,http://dbpedia.org/resource/Comedy_club
Comfort Food,http://dbpedia.org/resource/Comfort_food
Comic Books,http://dbpedia.org/resource/Comic_book
Commercial Truck Dealers,http://dbpedia.org/resource/Truck
Commercial Truck Repair,"http://dbpedia.org/resource/Maintenance,_repair,_and_operations"
Commercial Truck Repair,http://dbpedia.org/resource/Truck
Community Service/Non-Profit,http://dbpedia.org/resource/Community_service
Community Service/Non-Profit,http://dbpedia.org/resource/Nonprofit_organization
Computers,http://dbpedia.org/resource/Computer
Contractors,http://dbpedia.org/resource/General_contractor
Convenience Stores,http://dbpedia.org/resource/Convenience_store
Cosmetic Dentists,http://dbpedia.org/resource/Cosmetic_dentistry
Cosmetics & Beauty Supply,http://dbpedia.org/resource/Cosmetics
Cosmetology Schools,http://dbpedia.org/resource/Cosmetology
Cosmetology Schools,http://dbpedia.org/resource/School
Costumes,http://dbpedia.org/resource/Costume
Creperies,http://dbpedia.org/resource/Crêpe
Cuban,http://dbpedia.org/resource/Cuban_cuisine
Cupcakes,http://dbpedia.org/resource/Cupcake
Damage Restoration,http://dbpedia.org/resource/Fabric_restoration
Dance Clubs,http://dbpedia.org/resource/Nightclub
Dance Schools,http://dbpedia.org/resource/Dance
Dance Schools,http://dbpedia.org/resource/School
Day Spas,http://dbpedia.org/resource/Day_spa
Delicatessen,http://dbpedia.org/resource/Delicatessen
Delis,http://dbpedia.org/resource/Delicatessen
Dentists,http://dbpedia.org/resource/Dentist
Department Stores,http://dbpedia.org/resource/Department_store
Departments of Motor Vehicles,http://dbpedia.org/resource/Department_of_Motor_Vehicles
Dermatologists,http://dbpedia.org/resource/Dermatology
Desserts,http://dbpedia.org/resource/Dessert
Diagnostic Imaging,http://dbpedia.org/resource/Medical_imaging
Diagnostic Services,http://dbpedia.org/resource/Medical_test
Dim Sum,http://dbpedia.org/resource/Dim_sum
Diners,http://dbpedia.org/resource/Diner
Disc Golf,http://dbpedia.org/resource/Disc_golf
Discount Store,http://dbpedia.org/resource/Discount_store
Distilleries,http://dbpedia.org/resource/Distilled_beverage
Dive Bars,http://dbpedia.org/resource/Dive_bar
Doctors,http://dbpedia.org/resource/Physician
Dog Parks,http://dbpedia.org/resource/Dog_park
Do-It-Yourself Food,http://dbpedia.org/resource/Do_it_yourself
Do-It-Yourself Food,http://dbpedia.org/resource/Food
Donuts,http://dbpedia.org/resource/Doughnut
Drive-In Theater,http://dbpedia.org/resource/Drive_in_theater
Drugstores,http://dbpedia.org/resource/Drugstore
Dry Cleaning & Laundry,http://dbpedia.org/resource/Dry_cleaning
Dry Cleaning & Laundry,http://dbpedia.org/resource/Laundry
Ear Nose & Throat,http://dbpedia.org/resource/Otorhinolaryngology
Education,http://dbpedia.org/resource/Education
Educational Services,http://dbpedia.org/resource/Education
Electronics,http://dbpedia.org/resource/Electronics
Electronics Repair,http://dbpedia.org/resource/Electronics
Electronics Repair,"http://dbpedia.org/resource/Maintenance,_repair,_and_operations"
Emergency Rooms,http://dbpedia.org/resource/Emergency_department
Escape Games,http://dbpedia.org/resource/Real_life_room_escape
Ethiopian,http://dbpedia.org/resource/Ethiopian_cuisine
Event Planning & Services,http://dbpedia.org/resource/Event_management
Eyelash Service,http://dbpedia.org/resource/Eyelash_extensions
Eyewear & Opticians,http://dbpedia.org/resource/Eyewear
Eyewear & Opticians,http://dbpedia.org/resource/Optician
Fabric Stores,http://dbpedia.org/resource/Retail
Fabric Stores,http://dbpedia.org/resource/Textile
Family Practice,http://dbpedia.org/resource/Family_medicine
Farms,http://dbpedia.org/resource/Farm
Fashion,http://dbpedia.org/resource/Fashion
Fast Food,http://dbpedia.org/resource/Fast_food
Fences & Gates,http://dbpedia.org/resource/Fence
Fences & Gates,http://dbpedia.org/resource/Gate
Festivals,http://dbpedia.org/resource/Festival
Filipino,http://dbpedia.org/resource/Philippine_cuisine
Financial Advising,http://dbpedia.org/resource/Financial_adviser
Financial Services,http://dbpedia.org/resource/Financial_services
Fish & Chips,http://dbpedia.org/resource/Fish_and_chips
Fitness & Instruction,http://dbpedia.org/resource/Fitness_professional
Float Spa,http://dbpedia.org/resource/Spa
Flooring,http://dbpedia.org/resource/Flooring
Florists,http://dbpedia.org/resource/Floristry
Flowers & Gifts,http://dbpedia.org/resource/Floristry
Fondue,http://dbpedia.org/resource/Fondue
Food,http://dbpedia.org/resource/Food
Food Delivery Services,http://dbpedia.org/resource/Food
Food Stands,http://dbpedia.org/resource/Food_booth
Food Tours,http://dbpedia.org/resource/Culinary_tourism
Food Trucks,http://dbpedia.org/resource/Food_truck
French,http://dbpedia.org/resource/French_cuisine
Fruits & Veggies,http://dbpedia.org/resource/Fruit
Fruits & Veggies,http://dbpedia.org/resource/Vegetable
Furniture Reupholstery,http://dbpedia.org/resource/Furniture
Furniture Stores,http://dbpedia.org/resource/Furniture
Furniture Stores,http://dbpedia.org/resource/Retail
Gas & Service Stations,http://dbpedia.org/resource/Filling_station
Gastropubs,http://dbpedia.org/resource/Gastropub
Gelato,http://dbpedia.org/resource/Gelato
General Dentistry,http://dbpedia.org/resource/Dentistry
German,http://dbpedia.org/resource/German_cuisine
Gift Shops,http://dbpedia.org/resource/Gift_shop
Gluten-Free,http://dbpedia.org/resource/Gluten_free_diet
Gold Buyers,http://dbpedia.org/resource/Jewellery
Golf,http://dbpedia.org/resource/Golf
Graphic Design,http://dbpedia.org/resource/Graphic_design
Greek,http://dbpedia.org/resource/Greek_cuisine
Grocery,http://dbpedia.org/resource/Grocery_store
Guitar Stores,http://dbpedia.org/resource/Guitar
Guitar Stores,http://dbpedia.org/resource/Retail
Gun/Rifle Ranges,http://dbpedia.org/resource/Shooting_range
Guns & Ammo,http://dbpedia.org/resource/Ammunition
Guns & Ammo,http://dbpedia.org/resource/Gun
Gyms,http://dbpedia.org/resource/Gym
Hair Extensions,http://dbpedia.org/resource/Artificial_hair_integrations
Hair Removal,http://dbpedia.org/resource/Hair_removal
Hair Salons,http://dbpedia.org/resource/Beauty_salon
Hair Salons,http://dbpedia.org/resource/Hairdresser
Hair Stylists,http://dbpedia.org/resource/Hairdresser
Halal,http://dbpedia.org/resource/Halal
Hardware Stores,http://dbpedia.org/resource/Hardware_store
Hawaiian,http://dbpedia.org/resource/Cuisine_of_Hawaii
Health & Medical,http://dbpedia.org/resource/Health_facility
Health Markets,http://dbpedia.org/resource/Health_food_store
Health Retreats,http://dbpedia.org/resource/Wellness_tourism
Heating & Air Conditioning/HVAC,http://dbpedia.org/resource/HVAC
Herbs & Spices,http://dbpedia.org/resource/Herb
Herbs & Spices,http://dbpedia.org/resource/Spice
Hiking,http://dbpedia.org/resource/Hiking
Hobby Shops,http://dbpedia.org/resource/Hobby_shop
Home & Garden,http://dbpedia.org/resource/Back_garden
Home Cleaning,http://dbpedia.org/resource/Housekeeping
Home Decor,http://dbpedia.org/resource/Home_accessories
Home Services,http://dbpedia.org/resource/Home_improvement
Hookah Bars,http://dbpedia.org/resource/Hookah_lounge
Hospitals,http://dbpedia.org/resource/Hospital
Hot Dogs,http://dbpedia.org/resource/Hot_dog
Hot Pot,http://dbpedia.org/resource/Hot_pot
Hot Tub & Pool,http://dbpedia.org/resource/Swimming_pool
Hotel bar,http://dbpedia.org/resource/Bar
Hotel bar,http://dbpedia.org/resource/Hotel
Hotels,http://dbpedia.org/resource/Hotel
Hotels & Travel,http://dbpedia.org/resource/Hotel
Hotels & Travel,http://dbpedia.org/resource/Travel
Ice Cream & Frozen Yogurt,http://dbpedia.org/resource/Frozen_yogurt
Ice Cream & Frozen Yogurt,http://dbpedia.org/resource/Ice_cream
Indian,http://dbpedia.org/resource/Indian_cuisine
Internet Cafes,http://dbpedia.org/resource/Internet_café
Internet Service Providers,http://dbpedia.org/resource/Internet_service_provider
Irish,http://dbpedia.org/resource/Irish_cuisine
Irish Pub,http://dbpedia.org/resource/Irish_pub
IT Services & Computer Repair,http://dbpedia.org/resource/Computer_repair_technician
Italian,http://dbpedia.org/resource/Italian_cuisine
Japanese,http://dbpedia.org/resource/Japanese_cuisine
Jazz & Blues,http://dbpedia.org/resource/Blues
Jazz & Blues,http://dbpedia.org/resource/Jazz
Jewelry,http://dbpedia.org/resource/Jewellery
Jewelry Repair,http://dbpedia.org/resource/Bench_jeweler
Juice Bars & Smoothies,http://dbpedia.org/resource/Juice
Juice Bars & Smoothies,http://dbpedia.org/resource/Smoothie
Karaoke,http://dbpedia.org/resource/Karaoke
Keys & Locksmiths,http://dbpedia.org/resource/Key_(lock)
Keys & Locksmiths,http://dbpedia.org/resource/Lock_(security_device)
Kids Activities,http://dbpedia.org/resource/After_school_activity
Kids Activities,http://dbpedia.org/resource/Play_(activity)
Kitchen & Bath,http://dbpedia.org/resource/Bathroom
Kitchen & Bath,http://dbpedia.org/resource/Kitchen
Knitting Supplies,http://dbpedia.org/resource/Knitting
Korean,http://dbpedia.org/resource/Korean_cuisine
Lakes,http://dbpedia.org/resource/Lake
Landmarks & Historical Buildings,http://dbpedia.org/resource/Landmark
Landmarks & Historical Buildings,http://dbpedia.org/resource/Monument
Landscape Architects,http://dbpedia.org/resource/Landscape_architecture
Landscaping,http://dbpedia.org/resource/Landscaping
Laser Eye Surgery/Lasik,http://dbpedia.org/resource/LASIK
Laser Hair Removal,http://dbpedia.org/resource/Laser_hair_removal
Laser Tag,http://dbpedia.org/resource/Laser_tag
Latin American,http://dbpedia.org/resource/Latin_American_cuisine
Lawyers,http://dbpedia.org/resource/Lawyer
Leather Goods,http://dbpedia.org/resource/Leather
Lebanese,http://dbpedia.org/resource/Lebanese_cuisine
Libraries,http://dbpedia.org/resource/Library
Limos,http://dbpedia.org/resource/Limousine
Lingerie,http://dbpedia.org/resource/Lingerie
Live/Raw Food,http://dbpedia.org/resource/Raw_foodism
Local Fish Stores,http://dbpedia.org/resource/Fish_market
Lounges,http://dbpedia.org/resource/Bar
Macarons,http://dbpedia.org/resource/Macaron
Magicians,http://dbpedia.org/resource/Magic_(illusion)
Mailbox Centers,http://dbpedia.org/resource/Mail_services_center
Makeup Artists,http://dbpedia.org/resource/Make_up_artist
Malaysian,http://dbpedia.org/resource/Malaysian_cuisine
Martial Arts,http://dbpedia.org/resource/Martial_arts
Mass Media,http://dbpedia.org/resource/Mass_media
Massage,http://dbpedia.org/resource/Massage
Massage Schools,http://dbpedia.org/resource/Massage
Massage Schools,http://dbpedia.org/resource/School
Massage Therapy,http://dbpedia.org/resource/Massage
Massage Therapy,http://dbpedia.org/resource/Therapy
Maternity Wear,http://dbpedia.org/resource/Maternity_clothing
Mattresses,http://dbpedia.org/resource/Mattress
Meat Shops,http://dbpedia.org/resource/Meat_market
Medical Centers,http://dbpedia.org/resource/Academic_health_science_centre
Medical Centers,http://dbpedia.org/resource/Clinic
Medical Centers,http://dbpedia.org/resource/Hospital
Medical Spas,http://dbpedia.org/resource/Medicine
Medical Spas,http://dbpedia.org/resource/Spa
Mediterranean,http://dbpedia.org/resource/Mediterranean_cuisine
"Men""s Clothing",http://dbpedia.org/resource/Clothing
"Men""s Clothing",http://dbpedia.org/resource/Man
"Men""s Hair Salons",http://dbpedia.org/resource/Hairdresser
"Men""s Hair Salons",http://dbpedia.org/resource/Man
Mexican,http://dbpedia.org/resource/Mexican_cuisine
Middle Eastern,http://dbpedia.org/resource/Middle_Eastern_cuisine
Mini Golf,http://dbpedia.org/resource/Miniature_golf
Mobile Phone Repair,"http://dbpedia.org/resource/Maintenance,_repair,_and_operations"
Mobile Phone Repair,http://dbpedia.org/resource/Mobile_phone
Mobile Phones,http://dbpedia.org/resource/Mobile_phone
Modern European,http://dbpedia.org/resource/European_cuisine
Mongolian,http://dbpedia.org/resource/Mongolian_cuisine
Moroccan,http://dbpedia.org/resource/Moroccan_cuisine
Mortgage Brokers,http://dbpedia.org/resource/Mortgage_broker
Motorcycle Rental,http://dbpedia.org/resource/Renting
Motorcycle Repair,"http://dbpedia.org/resource/Maintenance,_repair,_and_operations"
Movers,http://dbpedia.org/resource/Moving_company
Museums,http://dbpedia.org/resource/Museum
Music & DVDs,http://dbpedia.org/resource/DVD
Music & DVDs,http://dbpedia.org/resource/Music
Music Venues,http://dbpedia.org/resource/Music_venue
Musical Instrument Services,http://dbpedia.org/resource/Musical_instrument
Musical Instruments & Teachers,http://dbpedia.org/resource/Music_education
Musical Instruments & Teachers,http://dbpedia.org/resource/Musical_instrument
Musicians,http://dbpedia.org/resource/Musician
Nail Salons,http://dbpedia.org/resource/Nail_salon
Nanny Services,http://dbpedia.org/resource/Nanny
Naturopathic/Holistic,http://dbpedia.org/resource/Naturopathy
New Mexican Cuisine,http://dbpedia.org/resource/New_Mexican_cuisine
Newspapers & Magazines,http://dbpedia.org/resource/Magazine
Newspapers & Magazines,http://dbpedia.org/resource/Newspaper
Nightlife,http://dbpedia.org/resource/Nightlife
Noodles,http://dbpedia.org/resource/Noodle
Notaries,http://dbpedia.org/resource/Notary_public
Nurseries & Gardening,http://dbpedia.org/resource/Plant_nursery
Nutritionists,http://dbpedia.org/resource/Nutritionist
Obstetricians & Gynecologists,http://dbpedia.org/resource/Obstetrics_and_gynaecology
Office Equipment,http://dbpedia.org/resource/Office_supplies
Oil Change Stations,http://dbpedia.org/resource/Motor_oil
Ophthalmologists,http://dbpedia.org/resource/Ophthalmology
Optometrists,http://dbpedia.org/resource/Optometry
Oral Surgeons,http://dbpedia.org/resource/Oral_and_maxillofacial_surgery
Organic Stores,http://dbpedia.org/resource/Organic_food
Orthodontists,http://dbpedia.org/resource/Orthodontics
Orthopedists,http://dbpedia.org/resource/Orthopedic_surgery
Outlet Stores,http://dbpedia.org/resource/Outlet_store
Paint Stores,http://dbpedia.org/resource/Retail
Paintball,http://dbpedia.org/resource/Paintball
Pakistani,http://dbpedia.org/resource/Pakistani_cuisine
Parks,http://dbpedia.org/resource/Park
Party & Event Planning,http://dbpedia.org/resource/Event_management
Party & Event Planning,http://dbpedia.org/resource/Party
Party Equipment Rentals,http://dbpedia.org/resource/Party
Pawn Shops,http://dbpedia.org/resource/Pawnbroker
Pediatric Dentists,http://dbpedia.org/resource/Pediatric_dentistry
Pediatricians,http://dbpedia.org/resource/Pediatrics
Performing Arts,http://dbpedia.org/resource/Performing_arts
Persian/Iranian,http://dbpedia.org/resource/Iranian_cuisine
Peruvian,http://dbpedia.org/resource/Peruvian_cuisine
Pest Control,http://dbpedia.org/resource/Pest_control
Pet Adoption,http://dbpedia.org/resource/Pet_adoption
Pet Boarding/Pet Sitting,http://dbpedia.org/resource/Pet_sitting
Pet Groomers,http://dbpedia.org/resource/Dog_grooming
Pet Services,http://dbpedia.org/resource/Pet
Pet Stores,http://dbpedia.org/resource/Pet_store
Pet Training,http://dbpedia.org/resource/Animal_training
Pets,http://dbpedia.org/resource/Pet
Photography Stores & Services,http://dbpedia.org/resource/Photography
Photography Stores & Services,http://dbpedia.org/resource/Retail
Physical Therapy,http://dbpedia.org/resource/Physical_therapy
Piano Bars,http://dbpedia.org/resource/Piano_bar
Pick Your Own Farms,http://dbpedia.org/resource/U_Pick_and_Pick_Your_Own_(PYO)_Farms
Piercing,http://dbpedia.org/resource/Body_piercing
Pilates,http://dbpedia.org/resource/Pilates
Pizza,http://dbpedia.org/resource/Pizza
Playgrounds,http://dbpedia.org/resource/Playground
Plumbing,http://dbpedia.org/resource/Plumbing
Poke,http://dbpedia.org/resource/Poke_(fish_salad)
Polish,http://dbpedia.org/resource/Polish_cuisine
Pool & Hot Tub Service,http://dbpedia.org/resource/Swimming_pool
Popcorn Shops,http://dbpedia.org/resource/Popcorn
Portuguese,http://dbpedia.org/resource/Portuguese_cuisine
Post Offices,http://dbpedia.org/resource/Post_office
Poutineries,http://dbpedia.org/resource/Poutine
Preschools,http://dbpedia.org/resource/Preschool
Pretzels,http://dbpedia.org/resource/Pretzel
Print Media,http://dbpedia.org/resource/Printing
Printing Services,http://dbpedia.org/resource/Printing
Professional Services,http://dbpedia.org/resource/Professional_services
Professional Sports Teams,http://dbpedia.org/resource/Professional_sports
Professional Sports Teams,http://dbpedia.org/resource/Team_sport
Property Management,http://dbpedia.org/resource/Property_manager
Public Services & Government,http://dbpedia.org/resource/Government
Public Services & Government,http://dbpedia.org/resource/Public_service
Public Transportation,http://dbpedia.org/resource/Public_transport
Pubs,http://dbpedia.org/resource/Pub
Ramen,http://dbpedia.org/resource/Ramen
Real Estate,http://dbpedia.org/resource/Real_estate
Real Estate Services,http://dbpedia.org/resource/Real_estate
Recreation Centers,http://dbpedia.org/resource/Recreation
Reflexology,http://dbpedia.org/resource/Reflexology
Reiki,http://dbpedia.org/resource/Reiki
Religious Organizations,http://dbpedia.org/resource/Religious_organization
Resorts,http://dbpedia.org/resource/Resort
Restaurants,http://dbpedia.org/resource/Restaurant
Rock Climbing,http://dbpedia.org/resource/Rock_climbing
Roofing,http://dbpedia.org/resource/Roofer
Russian,http://dbpedia.org/resource/Russian_cuisine
RV Parks,http://dbpedia.org/resource/RV_park
RV Repair,"http://dbpedia.org/resource/Maintenance,_repair,_and_operations"
Salad,http://dbpedia.org/resource/Salad
Sandwiches,http://dbpedia.org/resource/Sandwich
Saunas,http://dbpedia.org/resource/Sauna
Scandinavian,http://dbpedia.org/resource/Cuisine
Seafood,http://dbpedia.org/resource/Seafood
Seafood Markets,http://dbpedia.org/resource/Fish_market
Security Systems,http://dbpedia.org/resource/Home_security
Self Storage,http://dbpedia.org/resource/Self_storage
Shared Office Spaces,http://dbpedia.org/resource/Coworking
Shaved Ice,http://dbpedia.org/resource/Shave_ice
Shipping Centers,http://dbpedia.org/resource/Distribution_center
Shoe Repair,"http://dbpedia.org/resource/Maintenance,_repair,_and_operations"
Shoe Repair,http://dbpedia.org/resource/Shoe
Shoe Stores,http://dbpedia.org/resource/Shoe_store
Shopping,http://dbpedia.org/resource/Shopping
Shopping Centers,http://dbpedia.org/resource/Shopping_mall
Skating Rinks,http://dbpedia.org/resource/Ice_rink
Skin Care,http://dbpedia.org/resource/Skin_care
Skydiving,http://dbpedia.org/resource/Parachuting
Smog Check Stations,http://dbpedia.org/resource/Vehicle_emissions_control
Soccer,http://dbpedia.org/resource/Association_football
Soul Food,http://dbpedia.org/resource/Soul_food
Soup,http://dbpedia.org/resource/Soup
Southern,http://dbpedia.org/resource/Cuisine_of_the_Southern_United_States
Souvenir Shops,http://dbpedia.org/resource/Gift_shop
Spanish,http://dbpedia.org/resource/Spanish_cuisine
Specialty Food,http://dbpedia.org/resource/Specialty_foods
Specialty Schools,http://dbpedia.org/resource/Magnet_school
Sporting Goods,http://dbpedia.org/resource/Sports_equipment
Sports Bars,http://dbpedia.org/resource/Bar
Sports Bars,http://dbpedia.org/resource/Sport
Sports Clubs,http://dbpedia.org/resource/Sports_club
Sports Medicine,http://dbpedia.org/resource/Sports_medicine
Sports Wear,http://dbpedia.org/resource/Sportswear_(activewear)
Spray Tanning,http://dbpedia.org/resource/Sunless_tanning
Stadiums & Arenas,http://dbpedia.org/resource/Arena
Stadiums & Arenas,http://dbpedia.org/resource/Stadium
Steakhouses,http://dbpedia.org/resource/Steakhouse
Street Vendors,http://dbpedia.org/resource/Street_food
Summer Camps,http://dbpedia.org/resource/Summer_camp
Sushi Bars,http://dbpedia.org/resource/Bar
Sushi Bars,http://dbpedia.org/resource/Sushi
Swimming Lessons/Schools,http://dbpedia.org/resource/Swimming_lessons
Swimming Pools,http://dbpedia.org/resource/Swimming_pool
Szechuan,http://dbpedia.org/resource/Sichuan_cuisine
Taiwanese,http://dbpedia.org/resource/Taiwanese_cuisine
Tanning,http://dbpedia.org/resource/Sunless_tanning
Tapas Bars,http://dbpedia.org/resource/Bar
Tapas Bars,http://dbpedia.org/resource/Tapas
Tapas/Small Plates,http://dbpedia.org/resource/Small_plates
Tapas/Small Plates,http://dbpedia.org/resource/Tapas
Tattoo,http://dbpedia.org/resource/Tattoo
Tax Services,http://dbpedia.org/resource/Tax_preparation
Taxis,http://dbpedia.org/resource/Taxicab
Tea Rooms,http://dbpedia.org/resource/Tea_house
Teeth Whitening,http://dbpedia.org/resource/Tooth_whitening
Television Service Providers,http://dbpedia.org/resource/Cable_television
Teppanyaki,http://dbpedia.org/resource/Teppanyaki
Tex-Mex,http://dbpedia.org/resource/Tex_Mex
Thai,http://dbpedia.org/resource/Thai_cuisine
Threading Services,http://dbpedia.org/resource/Threading_(epilation)
Thrift Stores,http://dbpedia.org/resource/Charity_shop
Ticket Sales,http://dbpedia.org/resource/Ticket_resale
Tires,http://dbpedia.org/resource/Tire
Tobacco Shops,http://dbpedia.org/resource/Tobacconist
Tours,http://dbpedia.org/resource/Tour_operator
Towing,http://dbpedia.org/resource/Towing
Toy Stores,http://dbpedia.org/resource/Toy_store
Train Stations,http://dbpedia.org/resource/Train_station
Trainers,http://dbpedia.org/resource/Personal_trainer
Trains,http://dbpedia.org/resource/Train
Transmission Repair,"http://dbpedia.org/resource/Maintenance,_repair,_and_operations"
Transmission Repair,http://dbpedia.org/resource/Transmission_(mechanics)
Transportation,http://dbpedia.org/resource/Transport
Travel Services,http://dbpedia.org/resource/Travel
Tree Services,http://dbpedia.org/resource/Arborist
Truck Rental,http://dbpedia.org/resource/Renting
Truck Rental,http://dbpedia.org/resource/Truck
Tuscan,http://dbpedia.org/resource/Cuisine
Tuscan,http://dbpedia.org/resource/Tuscany
Urgent Care,http://dbpedia.org/resource/Urgent_care
"Used, Vintage & Consignment",http://dbpedia.org/resource/Consignment
"Used, Vintage & Consignment",http://dbpedia.org/resource/Used_good
"Used, Vintage & Consignment",http://dbpedia.org/resource/Vintage_clothing
Vacation Rentals,http://dbpedia.org/resource/Vacation_rental
Vegan,http://dbpedia.org/resource/Veganism
Vegetarian,http://dbpedia.org/resource/Vegetarianism
Venezuelan,http://dbpedia.org/resource/Venezuelan_cuisine
Venues & Event Spaces,http://dbpedia.org/resource/Event_management
Veterinarians,http://dbpedia.org/resource/Veterinary_physician
Videos & Video Game Rental,http://dbpedia.org/resource/Video_rental_shop
Vietnamese,http://dbpedia.org/resource/Vietnamese_cuisine
Vinyl Records,http://dbpedia.org/resource/Gramophone_record
Waffles,http://dbpedia.org/resource/Waffle
Watch Repair,http://dbpedia.org/resource/Watchmaker
Watches,http://dbpedia.org/resource/Watch
Water Heater Installation/Repair,"http://dbpedia.org/resource/Maintenance,_repair,_and_operations"
Waxing,http://dbpedia.org/resource/Waxing
Web Design,http://dbpedia.org/resource/Web_design
Wedding Chapels,http://dbpedia.org/resource/Wedding_chapel
Wedding Planning,http://dbpedia.org/resource/Wedding_planner
Weight Loss Centers,http://dbpedia.org/resource/Weight_loss
Wheel & Rim Repair,"http://dbpedia.org/resource/Maintenance,_repair,_and_operations"
Wheel & Rim Repair,http://dbpedia.org/resource/Rim_(wheel)
Wheel & Rim Repair,http://dbpedia.org/resource/Wheel
Whiskey Bars,http://dbpedia.org/resource/Bar
Whiskey Bars,http://dbpedia.org/resource/Whisky
Wholesale Stores,http://dbpedia.org/resource/Wholesale
Wigs,http://dbpedia.org/resource/Wig
Window Washing,http://dbpedia.org/resource/Window_cleaner
Windshield Installation & Repair,"http://dbpedia.org/resource/Maintenance,_repair,_and_operations"
Windshield Installation & Repair,http://dbpedia.org/resource/Windshield
Wine Bars,http://dbpedia.org/resource/Wine_bar
Wineries,http://dbpedia.org/resource/Winery
"Women""s Clothing",http://dbpedia.org/resource/Clothing
"Women""s Clothing",http://dbpedia.org/resource/Woman
Yoga,http://dbpedia.org/resource/Yoga
Zoos,http://dbpedia.org/resource/Zoo